<?xml version="1.0" encoding="UTF-8"?>
<!--
Licensed to the Apache Software Foundation (ASF) under one
or more contributor license agreements.  See the NOTICE file
distributed with this work for additional information
regarding copyright ownership.  The ASF licenses this file
to you under the Apache License, Version 2.0 (the
"License"); you may not use this file except in compliance
with the License.  You may obtain a copy of the License at

http://www.apache.org/licenses/LICENSE-2.0

Unless required by applicable law or agreed to in writing,
software distributed under the License is distributed on an
"AS IS" BASIS, WITHOUT WARRANTIES OR CONDITIONS OF ANY
KIND, either express or implied.  See the License for the
specific language governing permissions and limitations
under the License.
-->
<entity-engine-xml>
    <!-- OFBiz Core security -->
    
    <!--  administrative security groups -->
    <SecurityGroup groupId="FULLADMIN" description="Full Admin group, has all general permissions." groupName="Full Admin"/>
    <SecurityGroup groupId="FLEXADMIN" description="Flexible Admin group, has all granular permissions." groupName="Flex Admin"/>
    <SecurityGroup groupId="VIEWADMIN" description="Demo Admin group, has all view permissions." groupName="View Admin"/>
    <SecurityGroup groupId="BIZADMIN" description="Full Business Applications permission group, has all business app admin permissions, not technical permissions." groupName="Biz Admin"/>
    
    <!-- general admin tools permission -->
    <SecurityPermission description="Permission to access the Stock OFBiz Manager Applications." permissionId="OFBTOOLS_VIEW"/>
    <SecurityGroupPermission fromDate="2001-05-13 12:00:00.0" groupId="FULLADMIN" permissionId="OFBTOOLS_VIEW"/>
    <SecurityGroupPermission fromDate="2001-05-13 12:00:00.0" groupId="FLEXADMIN" permissionId="OFBTOOLS_VIEW"/>
    <SecurityGroupPermission fromDate="2001-05-13 12:00:00.0" groupId="VIEWADMIN" permissionId="OFBTOOLS_VIEW"/>
    <SecurityGroupPermission fromDate="2001-05-13 12:00:00.0" groupId="BIZADMIN" permissionId="OFBTOOLS_VIEW"/>

    <!-- allocate userLoginId's -->
    <UserLoginSecurityGroup groupId="FULLADMIN" userLoginId="admin" fromDate="2001-01-01 12:00:00.0"/>
    <UserLoginSecurityGroup groupId="FLEXADMIN" userLoginId="flexadmin" fromDate="2001-01-01 12:00:00.0"/>
    <UserLoginSecurityGroup groupId="VIEWADMIN" userLoginId="demoadmin" fromDate="2001-01-01 12:00:00.0"/>
    <UserLoginSecurityGroup groupId="VIEWADMIN" userLoginId="ltdadmin" fromDate="2001-01-01 12:00:00.0"/>
    <UserLoginSecurityGroup groupId="VIEWADMIN" userLoginId="ltdadmin1" fromDate="2001-01-01 12:00:00.0"/>
    <UserLoginSecurityGroup groupId="BIZADMIN" userLoginId="bizadmin" fromDate="2001-01-01 12:00:00.0"/>

</entity-engine-xml>
