<?xml version="1.0" encoding="UTF-8"?>
<!--
Licensed to the Apache Software Foundation (ASF) under one
or more contributor license agreements.  See the NOTICE file
distributed with this work for additional information
regarding copyright ownership.  The ASF licenses this file
to you under the Apache License, Version 2.0 (the
"License"); you may not use this file except in compliance
with the License.  You may obtain a copy of the License at

http://www.apache.org/licenses/LICENSE-2.0

Unless required by applicable law or agreed to in writing,
software distributed under the License is distributed on an
"AS IS" BASIS, WITHOUT WARRANTIES OR CONDITIONS OF ANY
KIND, either express or implied.  See the License for the
specific language governing permissions and limitations
under the License.
-->
<entity-engine-xml>
    <!-- OFBiz Core security -->

    <EnumerationType enumTypeId="SECURITY_QUESTION" description="Security Question"/>
    <EnumerationType enumTypeId="SQ_CUSTOM" parentTypeId="SECURITY_QUESTION" description="Custom Security Question"/>
    <EnumerationType enumTypeId="SQ_STANDARD" parentTypeId="SECURITY_QUESTION" description="Standard Security Question"/>
    <Enumeration enumId="SQ_STD_NCKNM" enumTypeId="SQ_STANDARD" enumCode="" sequenceId="0" description="What is your nick name"/>
    <Enumeration enumId="SQ_STD_MOTNM" enumTypeId="SQ_STANDARD" enumCode="" sequenceId="1" description="What is your mother's maiden name"/>
    <Enumeration enumId="SQ_STD_FAVTCH" enumTypeId="SQ_STANDARD" enumCode="" sequenceId="2" description="What is your favorite teacher's name"/>
    <Enumeration enumId="SQ_STD_PETNM" enumTypeId="SQ_STANDARD" enumCode="" sequenceId="2" description="What is your pet's name"/>
    <Enumeration enumId="SQ_STD_BSTFRND" enumTypeId="SQ_STANDARD" enumCode="" sequenceId="3" description="Who is your best childhood friend"/>
</entity-engine-xml>
