<?xml version="1.0" encoding="UTF-8"?>
<!--
Licensed to the Apache Software Foundation (ASF) under one
or more contributor license agreements.  See the NOTICE file
distributed with this work for additional information
regarding copyright ownership.  The ASF licenses this file
to you under the Apache License, Version 2.0 (the
"License"); you may not use this file except in compliance
with the License.  You may obtain a copy of the License at

http://www.apache.org/licenses/LICENSE-2.0

Unless required by applicable law or agreed to in writing,
software distributed under the License is distributed on an
"AS IS" BASIS, WITHOUT WARRANTIES OR CONDITIONS OF ANY
KIND, either express or implied.  See the License for the
specific language governing permissions and limitations
under the License.
-->

<entitymodel xmlns:xsi="http://www.w3.org/2001/XMLSchema-instance"
    xsi:noNamespaceSchemaLocation="http://ofbiz.apache.org/dtds/entitymodel.xsd">
  <!-- ========================================================= -->
  <!-- ======================== Defaults ======================= -->
  <!-- ========================================================= -->
    <title>Entity of an Apache OFBiz Component</title>
    <description>None</description>
    <version>1.0</version>

  <!-- ========================================================= -->
  <!-- ======================== Data Model ===================== -->
  <!-- The modules in this file are as follows:                  -->
  <!--  - org.apache.ofbiz.webapp.visit -->
  <!--  - org.apache.ofbiz.webapp.website -->
  <!-- ========================================================= -->


  <!-- ========================================================= -->
  <!-- org.apache.ofbiz.webapp.visit -->
  <!-- ========================================================= -->

    <entity entity-name="BrowserType"
            package-name="org.apache.ofbiz.webapp.visit"
            title="Browser Type Entity">
      <field name="browserTypeId" type="id"></field>
      <field name="browserName" type="name"></field>
      <field name="browserVersion" type="very-short"></field>
      <prim-key field="browserTypeId"/>
    </entity>
    <entity entity-name="PlatformType"
            package-name="org.apache.ofbiz.webapp.visit"
            title="Platform Type Entity">
      <field name="platformTypeId" type="id"></field>
      <field name="platformName" type="name"></field>
      <field name="platformVersion" type="very-short"></field>
      <prim-key field="platformTypeId"/>
    </entity>
    <entity entity-name="ProtocolType"
            package-name="org.apache.ofbiz.webapp.visit"
            title="Protocol Type Entity">
      <field name="protocolTypeId" type="id"></field>
      <field name="protocolName" type="name"></field>
      <prim-key field="protocolTypeId"/>
    </entity>
    <entity entity-name="ServerHit"
            package-name="org.apache.ofbiz.webapp.visit"
            never-cache="true"
            title="Server Hit Entity" no-auto-stamp="true">
      <field name="visitId" type="id"></field>
      <field name="contentId" type="id-vlong"><!-- This is called contentId but has nothing to do with the Content entity in many cases. The value can vary. For example for the ControlServlet request it is "${webapp-name}.${request-map-name}" --></field>
      <field name="hitStartDateTime" type="date-time"></field>
      <field name="hitTypeId" type="id"></field>
      <field name="numOfBytes" type="numeric"></field>
      <field name="runningTimeMillis" type="numeric"></field>
      <field name="userLoginId" type="id-vlong"></field>
      <field name="statusId" type="id"></field>
      <field name="requestUrl" type="url"></field>
      <field name="referrerUrl" type="url"></field>
      <field name="serverIpAddress" type="id"></field>
      <field name="serverHostName" type="long-varchar"></field>
      <prim-key field="visitId"/>
      <prim-key field="contentId"/>
      <prim-key field="hitStartDateTime"/>
      <prim-key field="hitTypeId"/>
      <relation type="one" fk-name="SERVER_HIT_SHTYP" rel-entity-name="ServerHitType">
        <key-map field-name="hitTypeId"/>
      </relation>
      <relation type="one" fk-name="SERVER_HIT_VISIT" rel-entity-name="Visit">
        <key-map field-name="visitId"/>
      </relation>
    </entity>
    <entity entity-name="ServerHitBin" package-name="org.apache.ofbiz.webapp.visit" never-cache="true" title="Server Hit Bin Entity" no-auto-stamp="true">
      <field name="serverHitBinId" type="id"></field>
      <field name="contentId" type="id-vlong"></field>
      <field name="hitTypeId" type="id"></field>
      <field name="serverIpAddress" type="id"></field>
      <field name="serverHostName" type="long-varchar"></field>
      <field name="binStartDateTime" type="date-time"></field>
      <field name="binEndDateTime" type="date-time"></field>
      <field name="numberHits" type="numeric"></field>
      <field name="totalTimeMillis" type="numeric"></field>
      <field name="minTimeMillis" type="numeric"></field>
      <field name="maxTimeMillis" type="numeric"></field>
      <prim-key field="serverHitBinId"/>
      <relation type="one" fk-name="SERVER_HBIN_TYPE" rel-entity-name="ServerHitType">
        <key-map field-name="hitTypeId"/>
      </relation>
    </entity>
    <entity entity-name="ServerHitType"
            package-name="org.apache.ofbiz.webapp.visit"
                        default-resource-name="WebappEntityLabels"
            title="Server Hit Bin Entity">
      <field name="hitTypeId" type="id"></field>
      <field name="description" type="description"></field>
      <prim-key field="hitTypeId"/>
    </entity>
    <entity entity-name="UserAgent"
            package-name="org.apache.ofbiz.webapp.visit"
            title="User Agent Entity">
      <field name="userAgentId" type="id"></field>
      <field name="browserTypeId" type="id"></field>
      <field name="platformTypeId" type="id"></field>
      <field name="protocolTypeId" type="id"></field>
      <field name="userAgentTypeId" type="id"></field>
      <field name="userAgentMethodTypeId" type="id"></field>
      <prim-key field="userAgentId"/>
      <relation type="one" fk-name="UAGENT_BROWSER" rel-entity-name="BrowserType">
        <key-map field-name="browserTypeId"/>
      </relation>
      <relation type="one" fk-name="UAGENT_PLATFORM" rel-entity-name="PlatformType">
        <key-map field-name="platformTypeId"/>
      </relation>
      <relation type="one" fk-name="UAGENT_PROTOCOL" rel-entity-name="ProtocolType">
        <key-map field-name="protocolTypeId"/>
      </relation>
      <relation type="one" fk-name="UAGENT_TYPE" rel-entity-name="UserAgentType">
        <key-map field-name="userAgentTypeId"/>
      </relation>
      <relation type="one" fk-name="UAGENT_METHOD" rel-entity-name="UserAgentMethodType">
        <key-map field-name="userAgentMethodTypeId"/>
      </relation>
    </entity>
    <entity entity-name="UserAgentMethodType"
            package-name="org.apache.ofbiz.webapp.visit"
            title="User Agent Method Type Entity">
      <field name="userAgentMethodTypeId" type="id"></field>
      <field name="description" type="description"></field>
      <prim-key field="userAgentMethodTypeId"/>
    </entity>
    <entity entity-name="UserAgentType"
            package-name="org.apache.ofbiz.webapp.visit"
            title="User Agent Type Entity">
      <field name="userAgentTypeId" type="id"></field>
      <field name="description" type="description"></field>
      <prim-key field="userAgentTypeId"/>
    </entity>
    <entity entity-name="Visit" package-name="org.apache.ofbiz.webapp.visit" never-cache="true" title="Visit Entity"
        sequence-bank-size="100" no-auto-stamp="true">
        <field name="visitId" type="id"></field>
        <field name="visitorId" type="id"></field>
        <field name="userLoginId" type="id-vlong"></field>
        <field name="userCreated" type="indicator"></field>
        <field name="sessionId" type="id-vlong"></field>
        <field name="serverIpAddress" type="id"></field>
        <field name="serverHostName" type="long-varchar"></field>
        <field name="webappName" type="short-varchar"></field>
        <field name="initialLocale" type="short-varchar"></field>
        <field name="initialRequest" type="url"></field>
        <field name="initialReferrer" type="url"></field>
        <field name="initialUserAgent" type="long-varchar"></field>
        <field name="userAgentId" type="id"></field>
        <field name="clientIpAddress" type="short-varchar"></field>
        <field name="clientHostName" type="long-varchar"></field>
        <field name="clientUser" type="short-varchar"></field>
        <field name="clientIpIspName" type="short-varchar"></field>
        <field name="clientIpPostalCode" type="short-varchar"></field>
        <field name="cookie" type="short-varchar"></field>
        <field name="fromDate" type="date-time"></field>
        <field name="thruDate" type="date-time"></field>
        <prim-key field="visitId"/>
        <relation type="one" fk-name="VISIT_VISITOR" rel-entity-name="Visitor">
            <key-map field-name="visitorId"/>
        </relation>
        <relation type="one" fk-name="VISIT_USER_AGNT" rel-entity-name="UserAgent">
            <key-map field-name="userAgentId"/>
        </relation>
        <index name="VISIT_THRU_IDX" unique="false">
            <index-field name="thruDate"/>
        </index>
    </entity>
    <entity entity-name="Visitor" package-name="org.apache.ofbiz.webapp.visit" title="Visitor Entity"
        sequence-bank-size="100">
        <field name="visitorId" type="id"></field>
        <field name="userLoginId" type="id-vlong"></field>
        <prim-key field="visitorId"/>
    </entity>

  <!-- ========================================================= -->
  <!-- org.apache.ofbiz.webapp.website -->
  <!-- ========================================================= -->

    <entity entity-name="WebPage"
            package-name="org.apache.ofbiz.webapp.website"
            title="Web Page Entity">
      <field name="webPageId" type="id"></field>
      <field name="pageName" type="name"></field>
      <field name="webSiteId" type="id"></field>
      <prim-key field="webPageId"/>
      <relation type="one" fk-name="WEB_PAGE_SITE" rel-entity-name="WebSite">
        <key-map field-name="webSiteId"/>
      </relation>
    </entity>
    <entity entity-name="WebSite"
            package-name="org.apache.ofbiz.webapp.website"
            title="Web Site Entity">
      <field name="webSiteId" type="id"></field>
      <field name="siteName" type="name"></field>
      <field name="httpHost" type="long-varchar"></field>
      <field name="httpPort" type="very-short"></field>
      <field name="httpsHost" type="long-varchar"></field>
      <field name="httpsPort" type="very-short"></field>
      <field name="enableHttps" type="indicator"></field>
      <field name="webappPath" type="long-varchar">
          <description>Set to your webapp for this website if it's hidden by a httpd frontend; set to / if you have a reverse proxy which hides your website webapp</description>
      </field>
      <field name="standardContentPrefix" type="url"></field>
      <field name="secureContentPrefix" type="url"></field>
      <field name="cookieDomain" type="long-varchar"></field>
      <field name="visualThemeSetId" type="id"></field>
      <prim-key field="webSiteId"/>
      <relation type="one" fk-name="WEB_SITE_THEME_SET" rel-entity-name="VisualThemeSet">
        <key-map field-name="visualThemeSetId"/>
      </relation>
    </entity>
</entitymodel>
